{"V":[[0.51150119421659468,-0.098462905596051281,-0.299515723394402,-0.025692770621018605,0.4119443878776779,-0.59659247166263607,0.33567996896668745],[-0.48766721592694268,-0.096304681435535708,-0.21684153796483907,0.19032073478571435,0.78099438679724142,0.24409693043378961,0.011327687819496187],[0.17249232518181246,-0.2951974814917514,0.602782770385365,0.707946471303894,0.0950737367799863,-0.0908949528266767,-0.035618285957275224],[-0.41415066019581809,-0.50938482697998144,-0.017882419433471269,-0.17918112261359576,-0.097271122287751061,-0.572622399979589,-0.44634357717634571],[0.54107344219958464,-0.1831132621391888,-0.1415785896575546,-0.11020439325976158,0.2124828363449669,0.32162755117007358,-0.702087117542405],[0.080619730553498858,-0.69916709495063611,0.1868995135617143,-0.40371541757066653,-0.000990580892047089,0.34924615747182863,0.4298539357392992],[0.0035822380679700395,-0.33474007242294357,-0.6668037975561425,0.50467085495174813,-0.39585220150853206,0.1513890541618661,0.094861288482231645]],"e":[2.4702593972371667,1.5344905320930669,1.3206025611029388,0.61003383530050814,0.485872580559062,0.29716267169082716,0.28157842201643213],"e_frac":[0.35289419960530943,0.21921293315615234,0.1886575087289912,0.087147690757215429,0.06941036865129456,0.042451810241546727,0.040225488859490295],"nM":5}